id	upstream_sha	upstream_source	upstream_symbols	dependencies	rust_destination	state	owner	reviewer_1	reviewer_2	gate	notes
H00	dc37b5249ab60e2bbce936f71b883e6c8136167e	internal/testrunner/compiler_runner.go;internal/testutil/baseline/baseline.go	discovery;skip list;config expansion;baseline routing	-	tools/ts_fixture/src/{lib,main,oracle}.rs	verified	oracle-manifest	identity-final-review	integration-review	Deterministic compiler/conformance manifest with fail-closed oracle	The schema-5 runner discovers all 12,750 pinned cases, retains the upstream 45-case skip list, expands canonical option variants, routes Go-owned and submodule baselines exactly, embeds upstream/Rust/manifest/invocation provenance, validates stable capability codes, and fails closed when provenance or configured artifacts are unavailable. Balanced fixed shards and complete semantic artifacts remain H02/C01 follow-ons rather than H00 manifest gaps
H01	dc37b5249ab60e2bbce936f71b883e6c8136167e	internal/testrunner/compiler_runner.go	error baseline generation	H00	tools/ts_fixture/src/lib.rs	verified	exact-errors	identity-final-review	integration-review	Complete .errors.txt and structured diagnostic comparison	Exact directive reconstruction, option/skip matrix, configured baseline identity, categories, and unsupported guards remain intact; explicit canonical diagnostics mode never emits or falls back, records registry-backed capability frontiers separately from supported mismatches and fatal invariants, retains later variants after typed compiler failures, and writes schema-5 provenance plus stable variant keys with nested related records
H02	dc37b5249ab60e2bbce936f71b883e6c8136167e	internal/testrunner/compiler_runner.go;internal/checker/checker.go;internal/checker/nodebuilder.go;internal/checker/printer.go;internal/checker/symbolaccessibility.go	type and symbol baseline generation;GetTypeAtLocation;GetSymbolAtLocation;type-node building;symbol display	H00;A01;B03;T01;T05;T06;T07;C00	tools/ts_fixture/src/artifacts/{types,symbols}.rs;ts_checker/semantic/artifact_queries.rs;ts_checker/semantic/formatter.rs;ts_compiler/src/lib.rs	unmapped	unassigned	unassigned	unassigned	Deterministic .types/.symbols walkers and production-owned location, symbol, node-builder, and display queries exact for every claimed semantic row	The manifest-ordered artifact walker and unsupported accounting can start over H00, but exact output also requires root-owned GetTypeAtLocation/GetSymbolAtLocation equivalents, the minimum type-node builder and symbol-display query substrate, and per-semantic-row closure for every emitted node family. H00 plus T07 is not sufficient; add production artifact fixtures as each semantic row lands
A00	dc37b5249ab60e2bbce936f71b883e6c8136167e	internal/ast/ast.go;internal/compiler/program.go	source file and node identity	-	ts_ast::{FileId,NodeArenaId,NodeRef};ts_compiler::Program	verified	identity-spike	identity-final-review	stack-preflight	Two files or Programs with equal local NodeId resolve to distinct NodeRef	Integrated as 0ff91aa..2ed0af5; NodeRef and FlowRef reject equal file/local IDs from a different AST arena
A01	dc37b5249ab60e2bbce936f71b883e6c8136167e	internal/ast/ast.go;internal/ast/ast_generated.go	Node.ForEachChild exact child traversal	A00	ts_ast::Node::for_each_child	verified	exact-child-visitor	arena-codegen-audit	integration-review	Every NodeData payload and child slot is visited exactly once in generated order	Integrated as 72ab646; generated visitor covers all 192 payload variants and 420 child slots and fails codegen when coverage drifts
B00	dc37b5249ab60e2bbce936f71b883e6c8136167e	internal/ast/symbolflags.go	SymbolFlags and exclusion masks	A00	ts_binder/symbols.rs	verified	symbol-flags	independent-semantic-review	stack-preflight	Exact flag bits and merge masks	Integrated as 22d1a54; all primitive/composite/exclusion masks and conservative merge behavior are covered
B01	dc37b5249ab60e2bbce936f71b883e6c8136167e	internal/binder/binder.go	binder state;BindSourceFile;bind traversal	A00;A01;B00	ts_binder/canonical.rs;ts_binder/flow_builder.rs	verified	canonical-binder-b01a	canonical-binder-b01-audit	b01a-final-review	Dependency-closed binder graph snapshots from one recursive traversal	Integrated as a7d9159..a6a63bb after repair and independent final review: sole flow-driven traversal, exact declaration/container order including nested assignment patterns, full child discovery past unsupported flow, lazy locals, atomic AST preflight, and declaration-phase extraction gate; 99 binder and 219 checker tests pass on the merged stack
B02	dc37b5249ab60e2bbce936f71b883e6c8136167e	internal/binder/binder.go	declareSymbol;addDeclarationToSymbol;mergeSymbol	B00;B01	ts_binder/canonical.rs;ts_binder/symbols.rs	verified	canonical-binder-b02c	b02-expando+import-review	integration-review	Declaration merge and augmentation probes exact	Integrated through d1d6182: complete non-JS TypeScript declaration dispatch includes modules/namespaces, import-export aliases, modern import phases/recovery, TypeScript expando assignments, exact ambient export context, and private computed-declaration internals; independent expando/import audits plus root integration pass 143 binder tests, 25 focused import tests, strict parser Clippy, and the all-target workspace check
B03	dc37b5249ab60e2bbce936f71b883e6c8136167e	internal/binder/nameresolver.go	ResolveName;lexical lookup walk	B01;B02	ts_binder/name_resolver.rs	verified	canonical-name-resolver-b03	b03-independent-name-resolver-review	integration-review	Lexical and module lookup snapshots exact	Integrated through 676d9a0 with optional bound/synthetic/nil locations, file-independent global lookup, collision-free checker synthetic scopes, exact callback order, constructor/ambient/shorthand branches, and strict provenance; independent final audit found two P2 recovery/parent-edge gaps fixed and reverified in a6bc09d; 152 binder tests and strict Clippy pass
B04	dc37b5249ab60e2bbce936f71b883e6c8136167e	internal/binder/referenceresolver.go	reference resolver host and lookup	B03	ts_binder/reference_resolver.rs	blocked	unassigned	unassigned	unassigned	Alias/reference probes exact	Do not duplicate name lookup logic
B05	dc37b5249ab60e2bbce936f71b883e6c8136167e	internal/binder/binder.go;internal/ast/flow.go	createFlowNode;branch/loop/assignment/call flow	A00;B01	ts_ast/flow.rs;ts_binder/flow_builder.rs	porting	binder-flow-phase1+arena-codegen-audit	binder-loop-review	integration-review	CFG antecedent snapshots exact	Integrated 6817c0a..690bccc, c7cd5ae..4d6b09b, and 89dd3c6..e27fa36 after independent repairs; 15 AST and 70 binder tests cover sequential/branch/effect/container flow, exact loops/jumps, and switch clause ranges/grouping/fallthrough/default joins/source-order traversal; try/logical/optional/with/destructuring/direct-call/static families remain explicit incomplete containers
T00	dc37b5249ab60e2bbce936f71b883e6c8136167e	internal/checker/types.go	TypeFlags;ObjectFlags;type payloads	A00	ts_checker/semantic/{types,type_records,store}.rs	verified	type-kernel	independent-semantic-review	canonical-graph-invariant-repair	All type payloads represented without descriptors	Integrated as 274547d..b6c058e; every concrete TypeData family, byte-exact names, program-owned symbols, immutable ownership, foreign-ID atomicity, unique-symbol identity, interface/tuple self references, instantiation caches, and union discriminant states passed two review rounds and 36 focused graph tests
T01	dc37b5249ab60e2bbce936f71b883e6c8136167e	internal/checker/types.go;internal/core/linkstore.go	26 typed node/source/symbol LinkStores	A00;T00;B02	ts_checker/semantic/links.rs	verified	sparse-links-t01a+canonical-graph-review	t01-final-sparse-review	integration-review	Stable sparse ID-keyed lazy side tables	All 26 stores plus exact evaluator domain are integrated through ba9eaf1, 7c95a62, and 4cc18ba; two clean audit rounds cover fields, nil/lazy state, sentinel canonicalization, sealed isolated JS entity names, root-reachable specialized call domains including instanceof, defined flag bits, SourceFileRef/AST provenance, and pristine accounting; 253 checker tests pass and the parser remains at the exact known 175/179 recovery baseline
T02	dc37b5249ab60e2bbce936f71b883e6c8136167e	internal/checker/types.go	Signature;IndexInfo;TypePredicate;tuple metadata	T00	ts_checker/semantic/{ids,store,signatures}.rs	verified	semantic-records-t02-repair	semantic-store-review	binder-flow-phase1	Complete signature and tuple identity snapshots	Integrated as 71261ac..b400cb6; monotonic AST scopes, crate-private raw allocation, every foreign-ID slot, and atomic setters passed two independent reviews and 21 focused tests
T03	dc37b5249ab60e2bbce936f71b883e6c8136167e	internal/checker/mapper.go	TypeMapper constructors and composition	T00;T01	ts_checker/semantic/mapper.rs	porting	canonical-mapper-t03a	canonical-mapper-review	integration-review	Mapper composition probes exact	Dependency-closed kernel integrated as ceb51a0 with exact simple, array, array-to-single, merged, prepend, and append semantics; Deferred, Function, Composite, Inference, combineTypeMappers, and backreference construction remain blocked on their owning algorithms rather than falling back to identity
T04	dc37b5249ab60e2bbce936f71b883e6c8136167e	internal/checker/checker.go	NewChecker;intrinsic/global bootstrap;resolveAlias;merge diagnostics	T00;T01;T02	ts_checker/semantic/bootstrap.rs;ts_checker/semantic/production.rs;ts_checker/semantic/global_types.rs;ts_checker/semantic/store.rs;ts_checker/semantic/diagnostics.rs;ts_checker/semantic/alias.rs;ts_checker/semantic/alias_flags.rs;ts_checker/semantic/module_resolution.rs;ts_checker/semantic/alias_provider.rs	porting	intrinsic-bootstrap-t04a+production-context-t04b0+t04b1-global-merge+t04b2-eager-global-types+merge-diagnostic-host+alias-kernel+alias-flags+module-manifest+plain-esm-alias-provider+retained-query-registry	t04b1-merge-independent-audit+t04b2-global-library-independent-audit+diagnostics-merge-review+alias-final-review	integration-review	No-lib and library-backed global identities plus allocation-free production query hosts exact	Verified bootstrap/global initialization, hosted merge diagnostics, alias caches/flags, module manifests, and plain TypeScript ESM targets extend through 2215e61; 7b0712a, 17b12f2, and 85e5005 install one retained alias/source registry and store-branded SourceFileRef boundary; 2c93541 makes declared-type, nested-reference, recursive-heritage, name-resolver, and global-library hosts borrow it without rebuilding or rescanning Program maps; 30ef754 retains exact Program-owned default-library provenance for checker diagnostics; alias-aware import type-node consumption, late ambient merging, non-global augmentations, AST diagnostic elaboration, lazy globals, and complete option plumbing remain explicit
T05	dc37b5249ab60e2bbce936f71b883e6c8136167e	internal/checker/checker.go	getDeclaredTypeOfSymbol;class/interface/alias declared types	B03;T00;T01;T02;T04	ts_checker/semantic/declared.rs;ts_checker/semantic/type_nodes.rs	porting	t05a-declared-types+t05b-interface-declared-types+t05c-cached-direct-heritage+t05d-recursive-direct-heritage+t05e-type-aliases+direct-generic-aliases+base-warm-interface-members+exported-source-declared-types	t05b-declared-independent-audit+t04b2-global-library-independent-audit+t05d-recursive-heritage-review+diagnostics-merge-review+generic-alias-review+global-object-source-review+exported-owner-review	integration-review	Direct declared-type, exported alias/interface, and dependency-closed alias snapshots exact	Type-parameter, class, and dependency-closed interface identities plus binder-owned ContainsThis are verified through 2f14c19, 53c869e, bc65b06, e83f0df, aafbdbe, af20ef6, 9ff7991, and 5b30edb; bootstrap aliases, recursive ownership, and independently reviewed dependency-closed direct generic aliases with defaults, arity diagnostics, exact cache keys, and atomic retry are integrated through 42fef2b; 3d636ec admits the legal bases-warm/members-cold cache state and one interface merged with inert value-side var declarations; 8ef637e, a97101d, and 2a40f0b add exact TypeScript ESM export ownership for simple type aliases/interfaces and host-aware declared-object consumers without narrowing legal modifier-free owners; multiple interface augmentations, enums, reverse-mapped/JSDoc aliases, qualified aliases, constrained or structured generic bodies, and circular-default TS2716 remain explicit later work
T06	dc37b5249ab60e2bbce936f71b883e6c8136167e	internal/checker/checker.go	getTypeFromTypeNode	T00;T01;T02;T03;T05	ts_checker/semantic/type_nodes.rs;ts_checker/semantic/bootstrap.rs;ts_checker/semantic/store.rs;ts_checker/semantic/functions.rs;ts_checker/semantic/signatures.rs;ts_checker/semantic/keyof_types.rs;ts_checker/semantic/reference_types.rs;ts_checker/semantic/intersection_types.rs	porting	type-node-bootstrap+type-alias-nodes+literal-type-nodes+canonical-union-type-nodes+direct-generic-aliases+canonical-array-type-nodes+direct-canonical-array-references+annotated-nongeneric-function-types+scoped-import-type-references+nongeneric-keyof-types+direct-local-generic-references+direct-nongeneric-property-intersections+optional-composite-property-intersections	diagnostics-merge-review+global-library-init-audit+union-cache-closure-review+generic-alias-review+array-semantic-audit+function-signature-go-audit+import-capability-review+keyof-oracle-review+reference-oracle-review+intersection-kernel-review+optional-intersection-review	integration-review+function-signature-rust-audit	Dependency-closed local nodes plus exact root-scoped imported alias/interface references through unions and arrays, and bounded direct property intersections	Through 42fef2b the context query resolves keywords, parentheses, direct aliases, exact literals, primitive/literal/nullable unions, and direct generic alias substitution; 7df90aa through af2b51a add canonical shorthand/direct Array and capability closure; b815d77 adds the annotated non-generic FunctionType kernel; 002e17f through 70c8096 plus 38e0976 and 4017b4d add exact type-only alias/interface leaves scoped to one direct annotation root; c5c3cf9 and 7d97c9a add direct/parenthesized nongeneric keyof literals and interfaces with exact cache/origin replay; 8132af9 adds mapper-free/session-free full-arity local generic class/interface references with TS2314/TS2315 recovery; 01f8ea7 and 3b1b713 add direct intersections over required/optional primitive, literal, and recursively validated local nongeneric property-object constituents with exact cold/warm validation. Constructor nodes, intersection calls/constructs/indexes/unions/generics/imports/classes/heritage, recursive instantiation, this/rest/inferred parameters, qualified/default/namespace imports, generic aliases, and advanced nodes remain typed boundaries
T07	dc37b5249ab60e2bbce936f71b883e6c8136167e	internal/checker/printer.go	typeToString and semantic display	T00;T02;T05;T06	ts_checker/semantic/formatter.rs;ts_checker/semantic/callables.rs	porting	canonical-primitive-union-formatter+property-object-formatter+canonical-array-formatter+function-signature-formatter	formatter-independent-review+callable-consumer-review	integration-review	Primitive, literal, canonical-union, property-object, canonical Array, and exact annotated callable TypeToString and TS2322 display snapshots exact	Integrated through b652b3a and 6fd8fba with primitive/nullish/literal, named union, property object, canonical Array<T>/ReadonlyArray<T>, and annotated non-generic FunctionType display; syntax-neutral provider validation preserves optional semantic value types, precedence and truncation, traverses nested parameter callables before demanding outer lazy returns, and identifies each unresolved owner through the complete retry sequence; general references, generic aliases/signatures, qualified names, tuples, source-callable providers, and general symbol accessibility remain explicit
R00	dc37b5249ab60e2bbce936f71b883e6c8136167e	internal/checker/relater.go	relation state;cache keys;recursion budgets	T00;T01;T02;T03	ts_checker/semantic/relation.rs;ts_checker/semantic/relater.rs	porting	relation-state-r00a+relation-key-r00b+simple-relater	r00b-independent-review+integration-review	integration-review	Relation cache, key, recursion, simple-relation, and overflow probes exact	State/caches landed as 9bd331d and exact keys/recursion identities as 4be3a12; d1f782f plus c002752 adds pinned fast/simple relation branches and cache reuse for identity, subtype, strict subtype, assignability, comparability, primitive/literal/enum/nullability, unknown-like union, and resolved cache cases; uncached structural families remain owned by R01+
R01	dc37b5249ab60e2bbce936f71b883e6c8136167e	internal/checker/relater.go	identity/subtype/strict-subtype/assignability/comparability	R00;T05;T06	ts_checker/semantic/relater.rs;ts_checker/semantic/bootstrap.rs;ts_checker/semantic/structured_members.rs	porting	r01b-object-relater+primitive-union-relater+derived-object-relater+structured-expression-unions+canonical-array-relater+mixed-array-object-reduction+apparent-primitive-prefix+direct-interface-heritage+observed-relation-dependencies+readonly-property-ordering+direct-intersection-relations+optional-composite-intersection-relations	alias-final-review+union-relation-independent-review+derived-object-relation-review+array-relation-review+direct-heritage-go-review+relation-observability-adversarial+readonly-independent-review+intersection-kernel-review+optional-intersection-review	integration-review	Declared, fresh, regular, and widened property objects, one-base interfaces, canonical expression unions, supported Array/object mixtures, and bounded required/optional property intersections relate exactly	Through 3b1b713 the relation kernel admits validated direct nongeneric property intersections, including recursively validated local property-object values. Identity follows pinned bidirectional each-to-some constituent comparison; ordinary relations decompose source union, target union, target intersection, then source intersection; combined intersection surfaces run excess-property and weak/common-property checks before decomposition; exact property identity compares names, optionality, readonly state, and identity-related property types. Duplicate properties are optional or readonly only when every contributor is, unique properties retain their source symbol/type provenance, and conflicting optional discriminants become optional `never` without reducing the whole intersection. Ordered/alias-sensitive caches, observed dependencies, and warm replay remain fail-closed. Array-to-ReadonlyArray, arbitrary generic variance, indexes, nominal/private members, intersection call/construct/index signatures and broader constituent families, and BigInt/Symbol apparent wrappers remain explicit
R02	dc37b5249ab60e2bbce936f71b883e6c8136167e	internal/checker/relater.go	signature relation;variance;private/protected origin	R01;T02;T06	ts_checker/semantic/relater.rs;ts_checker/semantic/callables.rs;ts_checker/semantic/callable_sets.rs;ts_checker/semantic/object_members.rs;ts_checker/semantic/source_overloads.rs	porting	non-generic-functiontype-signature-relation+ordered-callable-set-projection+declared-fixed-overload-sets+source-ambient-overload-sets	signature-relation-go-review+callable-consumer-review+callable-set-cross-review+declared-overload-go-review+ambient-overload-review	signature-relation-rust-review+declared-overload-rust-review+integration-review	Exact annotated callable relations, fixed declared overload projections, and local ambient overload providers under immutable strictFunctionTypes	Integrated through 290afc9 with option-owned relation caches, strict parameter variance, lazy return demand, syntax-neutral ordered call/construct projection, and exact-single compatibility. Call-signature-only nongeneric interface/type-literal providers and arbitrary-length local nongeneric ambient function groups publish ordered fixed-arity sets with atomic provenance, stable literal-specialized reordering, and subtype-then-assignable selection. Ambient groups retain complete owner/declaration/signature reverse maps, optional/minimum arity, cross-provider preflight, and warm poison rejection. Generic overload groups, rest/tuple arity, construct, mixed/inherited/callable-union/contextual sets, and distinct private/protected origins remain explicit
R03	dc37b5249ab60e2bbce936f71b883e6c8136167e	internal/checker/checker.go	instantiateType;instantiateSignature;mapper application	T03;R00	ts_checker/semantic/instantiate.rs;ts_checker/semantic/type_nodes.rs	porting	direct-generic-aliases+constraint-instantiation-kernel+recovering-instantiation-sessions	generic-alias-review+constraint-instantiation-review+session-recovery-review	integration-review	Primitive, literal, type-parameter, and anonymous-union instantiation plus fail-fast/recovering pinned session budgets exact	42fef2b installs the allocation-free direct-alias substitution cut; bbd3f8b adds the dependency-closed instantiateTypeWorker slice; 75abbf5 adds one query-owned session with guard-before-cache depth/count accounting, active-mapper cache clearing, resettable totals, exact shared-vector identity, uncached recovery at the guarded key, wrapper preservation, foreign-store rejection, and cross-store recovery-type revalidation. Production check, focused strict Clippy, rustdoc, and the fixed shard are green. Lazy generic-call shell demand is active separately; object/signature/reference/conditional/indexed/mapped instantiation and general mapper composition consumers remain explicit
R04	dc37b5249ab60e2bbce936f71b883e6c8136167e	internal/checker/checker.go	getConstraintOfType;getBaseConstraint	R01;R03	ts_checker/semantic/constraints.rs	porting	constraint-instantiation-kernel	constraint-instantiation-review	integration-review	Direct and base constraint probes, cycles, union reduction, target mapping, and pinned budgets exact	bbd3f8b distinguishes direct from base constraints, retains no-constraint and circular sentinels, resolves primitive/literal/type-parameter/anonymous-union bases, instantiates target constraints through retained mappers, publishes retry-safe caches, and preserves upstream adaptive depth 10-50 plus count 5,000,000; declaration/inferred constraint resolution and structured/advanced base constraints remain explicit
R05	dc37b5249ab60e2bbce936f71b883e6c8136167e	internal/checker/inference.go	InferenceContext;inferTypes;candidate priorities/fixing	R01;R03;R04	ts_checker/semantic/inference.rs;ts_checker/semantic/generic_calls.rs	porting	identity-generic-inference+ordered-generic-calls-v2	identity-generic-go-review+identity-generic-rust-review+generic-vector-cache-review+generic-source-dispatch-review	integration-review	One exact source signature infers and finalizes ordered naked type-parameter vectors with repeated primitive/literal candidates, defaults, and primitive or earlier-parameter constraints	56c4fab through fd48c96 install the identity kernel and 2a40f0b retains the exported declared-object source boundary; 0177d8f through 805e1c3 add 1..N ordered vectors, repeated-candidate literal unions and widening, partial/full explicit arguments, declaration-order defaults/constraints, exact checked-signature cache identity, raw recovery vectors, and atomic per-call recoveries. Structured target inference, callbacks/contextual inference, candidate priorities beyond this naked covariant cut, and overload coupling remain explicit
R06	dc37b5249ab60e2bbce936f71b883e6c8136167e	internal/checker/checker.go	contextual typing;resolveCall;chooseOverload	R01;R02;R03;R05;E00	ts_checker/semantic/contextual.rs;ts_checker/semantic/calls.rs;ts_checker/semantic/source_calls.rs;ts_checker/semantic/generic_calls.rs;ts_checker/semantic/source_overloads.rs	porting	contextual-object-typing+contextual-array-typing+simple-assignment-context+root-type-assertions+straight-line-current-flow+direct-source-calls+ordered-generic-calls-v2+default-class-construction+generic-ambient-source-calls+top-level-direct-call-statements+ambient-overload-source-calls	contextual-typing-review+assignment-oracle-review+assertion-oracle-review+array-semantic-audit+current-flow-audit+source-call-review+generic-vector-cache-review+generic-source-dispatch-review+default-construction-review+ambient-generic-review+ambient-overload-review	integration-review	Contextual literals, fixed calls, exact ordered generic calls, local nongeneric ambient overload calls, strict top-level direct call statements, and one canonical zero-argument class construction execute with source-order flow	Integrated through 889cd7a for contextual values and flow; cdba454 and a2f71b7 add fixed direct/imported calls; 0177d8f through 805e1c3 add bounded ordered generic resolution with exact arity/constraint/assignability diagnostics; 67d072d consumes one class-owned zero-parameter construct signature; 693d0be connects singleton generic ambient signatures and top-level direct-identifier call statements. Through 290afc9 arbitrary-length local nongeneric ambient groups feed the existing literal-first, stable subtype-then-assignable overload resolver with exact optional/minimum arity and fail-closed recovery. Generic ambient overload groups, spreads, rest/tuple arity, general constructors, structured targets, context-sensitive callbacks, and other contextual locations remain explicit
E00	dc37b5249ab60e2bbce936f71b883e6c8136167e	internal/checker/checker.go	checkSourceElement;checkNode dispatch	B03;T05;T06	ts_checker/semantic/source.rs;ts_checker/semantic/source_callables.rs;ts_checker/semantic/source_overloads.rs;ts_checker/semantic/source_statements.rs;ts_checker/semantic/assignment.rs;ts_checker/semantic/array_diagnostics.rs;ts_checker/semantic/source_imports.rs	porting	canonical-source-checker+direct-generic-aliases+contextual-object-typing+contextual-array-literals+simple-assignment-statements+deferred-type-assertions+inferred-variables+straight-line-current-flow+source-callable-relation-demand+direct-source-calls+ordered-generic-source-calls+declared-fixed-overload-sets+source-properties+source-enums+plain-esm-imports+type-only-esm-imports+joined-if-function-statements+strict-typeof-flow+primitive-class-source+default-class-construction+direct-ambient-variables+singleton-ambient-functions+generic-singleton-ambient-functions+top-level-direct-call-statements+ambient-overload-functions	source-check-independent-review+generic-alias-review+contextual-typing-review+assignment-integration-review+assertion-oracle-review+array-semantic-audit+current-flow-audit+source-callable-go-review+declared-overload-go-review+esm-import-review+generic-import-integration-review+generic-source-dispatch-review+statement-flow-integration-review+typeof-flow-integration-review+class-source-review+default-construction-review+ambient-variable-review+ambient-function-review+ambient-generic-review+ambient-overload-review	declared-overload-rust-review+integration-review	Supported top-level values, direct ambient values and singleton/overloaded nongeneric or singleton generic functions, primitive classes, bounded annotated function bodies, strict direct call statements, and one default class construction execute transactionally	Through 693d0be the canonical source-callable graph admits singleton nongeneric/generic ambient signatures with constraints/defaults, inference and explicit arguments, exact TS2558/TS2344/TS2345 diagnostics, and strict top-level direct-identifier call statements. Through 290afc9 local nongeneric ambient overload groups hoist as one ordered canonical callable object with complete reverse provenance, optional/minimum arity, literal-first selection, whole-source cross-provider preflight, warm poison rejection, and allocation-stable retries. The fixed shard keeps five exact variants and advances only `ambiguousOverloadResolution.ts` to direct class heritage. Generic overload groups, optional value parameters on generic ambient functions, export/nested/declaration-file forms, property/optional/arbitrary expression statements, broader bodies/CFG, advanced classes, spread/general new calls, JavaScript/JSX, and other statement families remain explicit
E01	dc37b5249ab60e2bbce936f71b883e6c8136167e	internal/checker/checker.go	checkExpression;property/element/operator/call/new	E00;R01;R06	ts_checker/semantic/expressions.rs;ts_checker/semantic/source_calls.rs;ts_checker/semantic/source_overloads.rs;ts_checker/semantic/source_properties.rs;ts_checker/semantic/source_elements.rs;ts_checker/semantic/logical_operators.rs;ts_checker/semantic/source_new.rs	porting	source-call-property-vertical+ordered-generic-call-vertical+declared-fixed-overload-sets+logical-operators+element-access+property-calls+default-class-construction+generic-ambient-source-calls+top-level-direct-call-statements+ambient-overload-source-calls	source-call-property-review+generic-vector-cache-review+generic-source-dispatch-review+declared-overload-go-review+statement-flow-integration-review+default-construction-review+ambient-generic-review+ambient-overload-review	declared-overload-rust-review+integration-review	Direct fixed/generic calls including singleton and local overloaded ambient providers, bounded declared-overload identifier/property calls, strict top-level direct call statements, exact logical/element expressions, and one default class construction compose	Through 625d062 direct/imported fixed/generic calls, required property reads/calls, declared interface/type-literal overload selection, operators, and bounded element access compose with pinned diagnostics. Through 67d072d exact direct `new Model()` consumes the canonical default class signature. Through 693d0be singleton generic ambient declarations feed the generic call engine and direct-identifier calls execute as top-level statements. Through 290afc9 local nongeneric ambient overload groups reuse the same stable literal/subtype/assignable resolver and publish no fake recovery candidate. Optional chaining, arbitrary/property/optional call statements, general constructors, accessors, generic/rest/construct/mixed/inherited/callable-union/contextual overload families, general methods, structured generic targets, tuple/union element access, apparent/inherited properties outside admitted class graphs, and the remaining expression dispatcher stay explicit
E02	dc37b5249ab60e2bbce936f71b883e6c8136167e	internal/checker/checker.go	class heritage;members;accessibility;initialization	E00;R02;F00	ts_checker/semantic/classes.rs;ts_checker/semantic/source_new.rs	porting	class-shells+primitive-members+direct-class-heritage+default-class-construction	class-source-review+direct-class-heritage-review+default-construction-review	integration-review	Exact nongeneric instance/value shells, primitive members, one direct base, class-only relations, source admission, and zero-argument default construction before accessibility/body closure	Through 1ad5689, local named nongeneric/no-heritage classes with primitive annotated properties install exact instance/static graphs and a canonical default construct signature, execute transactionally through source/compiler checking, replay allocation-free, and retain unsupported exported/anonymous/unsafe/member families as typed boundaries. Through 673bd70 one exact direct non-alias source-owned base contributes pinned base instance/value provenance, own-first instance/static composition, distinct resolved tables, derived default construction, and fail-closed class-only relations. Through 67d072d direct top-level `new Model()` consumes the canonical no-base construct signature and publishes exact constructor/signature/result links. Methods, declared constructors, bodies, implements, accessibility, override, initialization diagnostics, generic bases, class expressions, decorators, private identifiers, optional property reads, and static blocks remain explicit
F00	dc37b5249ab60e2bbce936f71b883e6c8136167e	internal/checker/flow.go	getFlowTypeOfReference;narrowType;reachability	B05;T00;R01;E01	ts_checker/semantic/source_flow.rs;ts_checker/semantic/source_statements.rs	porting	identifier-truthiness-flow+bounded-two-arm-joins+strict-typeof-flow	flow-graph-leaf-review+statement-flow-integration-review+typeof-flow-integration-review	integration-review	Ordinary function flow, assignments, narrowing, joins, loops, switches, reachability, closure flow, and definite assignment evaluate exactly from binder snapshots	The verified prefix through ded5eaa covers payload-less function START, initialized-local ASSIGNMENT flow, both condition edges, ordered two-antecedent joins, truthy/falsy narrowing, all eight exact typeof tags, reversed ===/!== comparisons, callable/object/null classification, void-to-undefined projection, base/local identity restoration, exact diagnostic order, and invocation-local retry state under budget 2000. General equality/discriminants, mutation, loops, switch, reachability, jumps, closure flow, and definite assignment remain explicit, so F00 remains porting
G00	dc37b5249ab60e2bbce936f71b883e6c8136167e	internal/checker/grammarchecks.go;internal/checker/checker.go	grammar;unused;comment directives;diagnostic aggregation	E00;E01;E02	ts_checker/semantic/grammar.rs;ts_checker/semantic/diagnostics.rs;ts_checker/semantic/object_diagnostics.rs;ts_checker/semantic/array_diagnostics.rs	porting	object-diagnostics+positional-array-elaboration	object-diagnostics-oracle+array-semantic-audit	integration-review	Property-object and no-spread positional Array elaboration emit exact primary/related records	Integrated through a3fd511: known-property, recursive nested object/array, excess/spelling, one/many missing-property, and retained-expression-tree Array elaboration preserve exact spans, arguments, order, suppression, noErrorTruncation display, atomic multi-record staging, TS2728/TS6500 related records, and exact Program-owned default-library TS6500 suppression; nested array properties diagnose the incompatible element without a spurious parent related record; contextualTyping2, contextualTyping20/21, and objectLitStructuralTypeMismatch match pinned artifacts; spread/tuple/index elaboration plus broader grammar, unused, comment-directive, and expression-family diagnostics remain explicit
A10	dc37b5249ab60e2bbce936f71b883e6c8136167e	internal/checker/checker.go	tuple target/instance construction;rest/variadic and const type parameters	T00;T02;T04;R01;R03;R05	ts_checker/semantic/tuple_types.rs;ts_checker/semantic/advanced/tuples.rs	porting	canonical-tuple-shapes+canonical-tuple-type-nodes	tuple-shape-independent-review+tuple-merge-audit	integration-review	Canonical tuple construction and source type-node consumption plus tuple/const generic shards exact	Integrated through 2a1d78d and 011f694 with validated target/instance caches, required/optional/rest metadata, labels, readonly identity, exact length types, sole-rest Array collapse, canonical tuple/readonly annotation planning and publication, warm cache validation, and a public production vertical. Access, relations, spread/rest applicability, variadics, const parameters, and inference remain explicit
A11	dc37b5249ab60e2bbce936f71b883e6c8136167e	internal/checker/checker.go	keyof;indexed access;index signatures	T04;T06;T07;R01;R03;R04;A16;C00	ts_checker/semantic/keyof_types.rs;ts_checker/semantic/indexed_access_types.rs;ts_checker/semantic/advanced/indexed.rs	porting	concrete-indexed-access+nongeneric-keyof	indexed-access-integration-review+keyof-oracle-review	integration-review	Concrete and general indexed/keyof/noUncheckedIndexedAccess shards exact	Concrete inline indexed access remains integrated through 011f694. Nongeneric keyof is integrated through c5c3cf9 plus 7d97c9a for direct/parenthesized property and compatible index literals, nongeneric property/index interfaces, exact propertiesTypes keys and cold/warm timing, eager dead/surviving Index origins, canonical anonymous/named union identity, symbolic display, and fail-closed cached-result validation. Generic/reference/union/intersection keyof, numeric/quoted/computed/unique-symbol property names, inherited/apparent members, general named/generic T[K], option-sensitive noUncheckedIndexedAccess, and compatibility diagnostics for broader declaration surfaces remain explicit
A12	dc37b5249ab60e2bbce936f71b883e6c8136167e	internal/checker/checker.go	mapped and reverse-mapped types	A11;R03;R05	ts_checker/semantic/advanced/mapped.rs	blocked	unassigned	unassigned	unassigned	Mapped/reverse-mapped shards exact	No eager handcrafted utility shortcut
A13	dc37b5249ab60e2bbce936f71b883e6c8136167e	internal/checker/checker.go	conditional;infer;distributive;substitution types	R01;R03;R04;R05	ts_checker/semantic/advanced/conditional.rs	blocked	unassigned	unassigned	unassigned	Conditional/infer shards exact	Tail recursion limit 1000
A14	dc37b5249ab60e2bbce936f71b883e6c8136167e	internal/checker/checker.go	template literal and string mapping types	R01;R03	ts_checker/semantic/advanced/template.rs	blocked	unassigned	unassigned	unassigned	Template/string mapping shards exact	Include pattern inference and display
A15	dc37b5249ab60e2bbce936f71b883e6c8136167e	internal/checker/checker.go	variance;NoInfer;intrinsic and utility types	R02;R03;R05	ts_checker/semantic/advanced/intrinsics.rs	blocked	unassigned	unassigned	unassigned	Variance and intrinsic shards exact	Standard library consumers are the gate
A16	dc37b5249ab60e2bbce936f71b883e6c8136167e	internal/checker/checker.go;internal/checker/relater.go	getTypeFromIntersectionTypeNode;getIntersectionType;getReducedType;intersection relation	T06;T07;R01;R03;R04	ts_checker/semantic/intersection_types.rs;ts_checker/semantic/advanced/intersections.rs	porting	direct-nongeneric-property-intersections+optional-composite-property-intersections	intersection-kernel-review+optional-intersection-review	integration-review	Ordered direct nongeneric required/optional property intersections construct, reduce, relate, display, and execute from source exactly	Integrated through 3b1b713 with compiler coverage in 365da82: canonical ordered identity, nested flattening and exact deduplication, property-first synthesis over required or optional primitive/literal and recursively validated local nongeneric property-object constituents, all-contributor optional/readonly merging, borrowed unique-property provenance, discriminant-never reduction including optional `never` without whole-intersection reduction, pinned relation ordering, source type-node consumption, display, and cold/warm/poison gates form the current dependency-closed leaf. Independent review found no P0/P1 issue. Calls/construct/index signatures, unions, generics/type variables, imports, classes, heritage, apparent members, distribution, and broader keyof/indexed-access composition remain explicit
M00	dc37b5249ab60e2bbce936f71b883e6c8136167e	internal/checker/exports.go;internal/checker/checker.go	imports/exports/aliases/augmentations	B02;B03;T05;E00	ts_checker/semantic/module_resolution.rs;ts_checker/semantic/alias_provider.rs;ts_checker/semantic/source_imports.rs	porting	module-manifest+plain-esm-alias-provider+plain-esm-source-imports+plain-esm-type-imports+declaration-target-manifest	plain-esm-import-review+type-import-capability-review	integration-review	Exact direct named value imports and root-scoped named type imports over plain Bundler/ESM sources execute in either source order	76d7709 supplies a NodeRef-keyed compiler manifest; 81fb514 and a2f71b7 resolve direct named values lazily and transactionally; 002e17f through 70c8096 plus 38e0976 and 4017b4d resolve exact named `import type` bindings to exported aliases/interfaces and consume them only in one proven direct annotation root, including union/parenthesized/array composition, importer-first/target-first replay, full-root preflight, and warm non-escape. 2ef996a admits plain `.d.ts` external modules as exact ESM/Bundler manifest targets while retaining their declaration facts and skip-check policy. Declaration-target value/type consumption, default/namespace imports, reexports/barrels, import-equals, CommonJS/NodeNext package facts, unresolved-import diagnostics, augmentations, merged exports, and cyclic module artifacts remain explicit
M01	dc37b5249ab60e2bbce936f71b883e6c8136167e	internal/checker/jsx.go	JSX intrinsic tags;function components;props;children;attributes;runtime lookup	R05;R06;E01;M00	ts_checker/semantic/jsx.rs	blocked	unassigned	unassigned	unassigned	Basic intrinsic and function-component TSX project exact without managed attributes	The first TSX gate includes intrinsic and generic function components, attributes, children, spreads, bad-prop diagnostics, namespace lookup, and automatic/classic runtime resolution. Class components and LibraryManagedAttributes are the dependency-closed M04 follow-on, so M01 does not depend on E02/A12/A13
M02	dc37b5249ab60e2bbce936f71b883e6c8136167e	internal/checker/jsdoc.go;internal/checker/checker.go	JavaScript/JSDoc/CommonJS semantics	B01;T05;E00;E01;M00	ts_checker/semantic/jsdoc.rs	blocked	unassigned	unassigned	unassigned	Modern JS/JSDoc project exact	Follow Corsa CHANGES rather than legacy Strada behavior
M03	dc37b5249ab60e2bbce936f71b883e6c8136167e	internal/checker/checker.go	decorators;using/await using;import attributes/defer	T04;E01;E02;M00	ts_checker/semantic/modern.rs	blocked	unassigned	unassigned	unassigned	Modern syntax and ES2025 shards exact	Port option gates with semantics
M04	dc37b5249ab60e2bbce936f71b883e6c8136167e	internal/checker/jsx.go;internal/checker/checker.go	LibraryManagedAttributes;class-component JSX compatibility	M01;A12;A13;E02	ts_checker/semantic/jsx_managed_attributes.rs;ts_checker/semantic/jsx.rs	blocked	unassigned	unassigned	unassigned	Class components and LibraryManagedAttributes exact	Follow M01 only after mapped/conditional types and ordinary classes are exact; keep this leaf out of the basic function-component TSX admission gate
C00	dc37b5249ab60e2bbce936f71b883e6c8136167e	internal/compiler/program.go;internal/checker/checker.go	checker host and atomic selection	H00;B00;T00	ts_compiler/src/lib.rs	porting	canonical-program-adapter	canonical-program-facts-review	integration-review	Whole-Program canonical diagnostics opt-in is atomic and provenance-safe	Integrated through 38ba576: an explicit experimental constructor builds the complete graph, preflights every source fact, canonically traverses all files then replays declarations, creates one scoped checker context borrowing Program arenas, and commits only owned diagnostics after total success; same-file and cross-file related records are validated, recursively owned, and never flattened into the top-level stream; fixture canonical mode never emits/falls back and exhaustively classifies all generic capability boundaries versus cache/metadata invariants; pinned ES5-backed multi-file TS2322 remains exact; sorting/deduplication, full module facts, and canonical emit remain explicit
C01	dc37b5249ab60e2bbce936f71b883e6c8136167e	full compiler/conformance corpus	failure clustering and closure	H01;H02;A00;A01;B00;B01;B02;B03;B04;B05;T00;T01;T02;T03;T04;T05;T06;T07;R00;R01;R02;R03;R04;R05;R06;E00;E01;E02;F00;G00;A10;A11;A12;A13;A14;A15;A16;M00;M01;M02;M03;M04;C00	port map and feature shards	porting	corpus-closure	corpus-oracle-review	corpus-invariant-review	Zero Rust-only unsupported variants	The fresh /tmp/ts-rust-canonical-first50-4fa03b3.json executes 50 variants with two exact diagnostic artifacts and 48 honest first-boundary results; it is alphabetically and front-door biased and is not semantic coverage. The older complete 536-variant tranche recorded two exact, 533 unsupported, and one lone-surrogate supported mismatch but predates substantial work. A current 500-case attempt exposed a valid trailing parameter list as a fatal callable invariant; adb9089 repaired it and the targeted fixture now advances to an honest arrow/option boundary. The restarted run progressed through the export tranche before an unclassified arrow-checking fatal at functionExpandoPropertyDeclaration.ts aborted the runner without JSON. Schema-5 retained-fatal scoring and registry-backed stable frontier codes now prevent that truncation; a fresh full score plus balanced fixed shards and .types/.symbols attribution remain active H02/C01 work. Assign root algorithms and dependency clusters, never fixture names
C02	dc37b5249ab60e2bbce936f71b883e6c8136167e	upstream drift batch	atomic cutover and roll-forward	C01	production checker path	blocked	unassigned	unassigned	unassigned	Frozen epoch and selected roll-forward exact	Delete legacy semantic bridge after gate
