# schema_version	1
code	port_map_id	description	owner_slice	introduced_version	status	replacement
B02.DECLARATION_FAMILY	B02	Canonical declaration binding has reached an unsupported declaration family.	S1	1	active	-
B03.NAME_RESOLUTION	B03	Declared-type construction requires an unported name-resolution path.	S6	1	active	-
C00.SOURCE_KIND	C00	The canonical Program adapter does not admit this source script kind.	S12	1	active	-
E00.DERIVED_TYPE	E00	Source checking requires an unported derived-type operation.	S4	1	active	-
E00.ENUM_TYPE	E00	Source checking requires an unported enum-type operation.	S4	1	active	-
E00.SOURCE_SYNTAX	E00	Source checking reached an unsupported source syntax family.	S4	1	active	-
M00.DECLARATION_FILE	M00	Canonical checking of this declaration-file configuration is unavailable.	S1	1	active	-
M00.EXTERNAL_MODULE_TARGET	M00	An external module target requires unported canonical module diagnostics.	S1	1	active	-
M00.FIXED_MODULE_FORMAT	M00	The canonical Program adapter cannot retain required fixed module-format facts.	S1	1	active	-
M00.NODE_MODULE_FACTS	M00	The canonical Program adapter cannot derive required Node module facts.	S1	1	active	-
M00.PLAIN_ESM_MODE	M00	The module configuration falls outside the currently supported plain ESM mode.	S1	1	active	-
M00.SPECIFIER_RESOLUTION_MODE	M00	A module specifier requires an unported resolution-mode fact.	S1	1	active	-
M03.IMPORT_META_MODULE_MODE	M03	The import.meta module indicator is not retained by the canonical Program adapter.	S1	1	active	-
R01.RELATION	R01	Source checking requires an unported type-relation operation.	S2	1	active	-
T04.GLOBAL_CONTEXT	T04	Canonical checker construction requires an unported global-context operation.	S2	1	active	-
T05.DECLARED_TYPE	T05	Source checking requires an unported declared-type operation.	S2	1	active	-
T06.ARRAY_TYPE	T06	Source checking requires an unported canonical array-type operation.	S3	1	active	-
T06.LITERAL_UNION	T06	Source checking requires an unported literal or union cache operation.	S3	1	active	-
T06.TYPE_NODE	T06	Source checking requires an unported type-node operation.	S3	1	active	-
T07.TYPE_DISPLAY	T07	Source checking requires an unported semantic display operation.	H02	1	active	-
